"","X","feature","enrich_group","ef_lda","pvalue","padj","name","base","Value","Group","Label"
"63","marker63","k__Bacteria|p__Firmicutes|c__Clostridia|o__Clostridiales|f__Lachnospiraceae|g__Lachnospiraceae_UCG-008","Control",2.73145760172658,0.0171071857197938,0.0171071857197938,"k__Bacteria|p__Firmicutes|c__Clostridia|o__Clostridiales|f__Lachnospiraceae|g__Lachnospiraceae_UCG-008","GGGGGCAAGCGTTATCCGGATTTACTGGGTGTAAAGGGAGCGTAGGTGGTATGGCAAGTCAGAGGTGAAAACCCAGGGCTTAACCTTGGGATTGCCTTTGAAACTGTCAGACTAGAGTGCAGGAGGGGTAAGTGGAATTCCTAGTGTAGCGGTGAAATGCGTAGATATTAGGAGGAACACCAGTGGCGAAGGCGGCTTACTGGACTGTAACTGACACTGAGGCTCGAAAGCGTGGGGAGCA",2.73145760172658,"Control","g__Lachnospiraceae_UCG-008"
"50","marker50","k__Bacteria|p__Firmicutes|c__Clostridia|o__Clostridiales|f__Lachnospiraceae|g__Lachnospiraceae_ND3007_group","Control",3.0530208663935,0.011038260590866,0.011038260590866,"k__Bacteria|p__Firmicutes|c__Clostridia|o__Clostridiales|f__Lachnospiraceae|g__Lachnospiraceae_ND3007_group","TGGTGCAAGCGTTATCCGGATTTACTGGGTGTAAAGGGAGCGTAGGTGGCAAGGCAAGCCAGAAGTGAAAACCCGGGGCTCAACCGCGGGATTGCTTTTGGAACTGTCATGCTAGAGTGCAGGAGGGGTGAGCGGAATTCCTAGTGTAGCGGTGAAATGCGTAGATATTAGGAGGAACACCGGAGGCGAAGGCGGCTCACTGGACTGTAACTGACACTGAGGCTCGAAAGCGTGGGGAGCA",3.0530208663935,"Control","g__Lachnospiraceae_ND3007_group"
"12","marker12","k__Bacteria|p__Firmicutes|c__Clostridia|o__Clostridiales|f__Ruminococcaceae|g__Subdoligranulum","Control",4.23593370301046,0.0285799566019766,0.0285799566019766,"k__Bacteria|p__Firmicutes|c__Clostridia|o__Clostridiales|f__Ruminococcaceae|g__Subdoligranulum","GGTGGCAAGCGTTGTCCGGAATTACTGGGTGTAAAGGGAGCGCAGGCGGACTGGCAAGTTGGAAGTGAAATCTATGGGCTCAACCCATAAATTGCTTTCAAAACTGCCGGTCTTGAGTAGTGCAGAGGTAGGCGGAATTCCCGGTGTAGCGGTGGAATGCGTAGATATCGGGAGGAACACCAGTGGCGAAGGCGGCCTACTGGGCACCAACTGACGCTGAGGCTCGAAAGTATGGGTAGCA",4.23593370301046,"Control","g__Subdoligranulum"
"52","marker52","k__Bacteria|p__Firmicutes|c__Clostridia|o__Clostridiales|f__Lachnospiraceae|g__Lachnospiraceae_UCG-001","Control",3.01435238361889,0.0379580381459959,0.0379580381459959,"k__Bacteria|p__Firmicutes|c__Clostridia|o__Clostridiales|f__Lachnospiraceae|g__Lachnospiraceae_UCG-001","TGGTGCAAGCGTTATCCGGATTTACTGGGTGTAAAGGGAGCGCAGGCGGTTTGGCAAGTCTGATGTGAAAATCCGGGGCTCAACCCCGGAACTGCATTGGAAACTGTCAGACTAGAGTGTCGGAGAGGTAAGTGGAATTCCTAGTGTAGCGGTGAAATGCGTAGATATTAGGAGGAACACCAGTGGCGAAGGCGGCTTACTGGACGATAACTGACGCTGAGGCTCGAAAGCGTGGGGAGCA",3.01435238361889,"Control","g__Lachnospiraceae_UCG-001"
"30","marker30","k__Bacteria|p__Firmicutes|c__Negativicutes|o__Selenomonadales|f__Acidaminococcaceae|g__Phascolarctobacterium|s__succinatutens","Control",3.78222694312312,0.0265313474150129,0.0265313474150129,"k__Bacteria|p__Firmicutes|c__Negativicutes|o__Selenomonadales|f__Acidaminococcaceae|g__Phascolarctobacterium|s__succinatutens","GGTGGCGAGCGTTGTCCGGAATTATTGGGCGTAAAGAGCATGTAGGCGGTTTTTTAAGTCTGGAGTGAAAATGCGGGGCTCAACCCCGTATGGCTCTGGATACTGGAAGACTTGAGTGCAGGAGAGGAAAGGGGAATTCCCAGTGTAGCGGTGAAATGCGTAGATATTGGGAGGAACACCAGTGGCGAAGGCGCCTTTCTGGACTGTGTCTGACGCTGAGATGCGAAAGCCAGGGTAGCG",3.78222694312312,"Control","s__succinatutens"
"5","marker5","k__Bacteria|p__Firmicutes|c__Clostridia|o__Clostridiales|f__Ruminococcaceae|g__Ruminococcaceae_UCG-002","Control",4.42256353400931,0.0333022483124473,0.0333022483124473,"k__Bacteria|p__Firmicutes|c__Clostridia|o__Clostridiales|f__Ruminococcaceae|g__Ruminococcaceae_UCG-002","GGTGGCAAGCGTTGTCCGGATTTACTGGGTGTAAAGGGCGTGTAGCCGGGTCGGCAAGTCAGATGTGAAATCCACGGGCTTAACTCGTGAACTGCATTTGAAACTGTTGATCTTGAGTATCGGAGAGGCAATCGGAATTCCTAGTGTAGCGGTGAAATGCGTAGATATTAGGAGGAACACCAGTGGCGAAGGCGGATTGCTGGACGACAACTGACGGTGAGGCGCGAAAGCGTGGGGAGCA",4.42256353400931,"Control","g__Ruminococcaceae_UCG-002"
"17","marker17","k__Bacteria|p__Firmicutes|c__Clostridia|o__Clostridiales|f__Christensenellaceae","Control",4.0904962002109,0.00520874612678491,0.00520874612678491,"k__Bacteria|p__Firmicutes|c__Clostridia|o__Clostridiales|f__Christensenellaceae","GGGAGCGAGCGTTGTCCGGAATTACTGGGCGTAAAGGGTGCGTAGGCGGCCTGGTAAGTCAGATGTGAAATACCCGTGCTCAACATGGGGGGTGCATCTGATACTGTTAGGCTTGAGTGCAGGAGAGGAAAGCGGAATTCCTAGTGTAGCGGTGAAATGCGTAGATATTAGGAGGAACACCAGTGGCGAAGGCGGCTTTCTGGACTGTAACTGACGCTGAGGCACGAAAGCGTGGGGAGCA",4.0904962002109,"Control","f__Christensenellaceae"
"46","marker46","k__Bacteria|p__Firmicutes|c__Clostridia|o__Clostridiales|f__Ruminococcaceae|g__Ruminococcaceae_UCG-010","Control",3.21134486235865,0.0059063734048814,0.0059063734048814,"k__Bacteria|p__Firmicutes|c__Clostridia|o__Clostridiales|f__Ruminococcaceae|g__Ruminococcaceae_UCG-010","GGTGGCGAGCGTTATCCGGATTTACTGGGTGTAAAGGGTGTGTAGGCGGAGGAGCAAGTCAGGCGTGGAAATTACGGGCTCAACCCGTAACTTGCGCTTGAAACTGTTCCCCTTGAGTGTCGGAGAGGTAAATGGAATTCCCAGTGTAGCGGTGAAATGCGTAGATATTGGGAGGAACACCGGTGGCGAAGGCGGTTTACTGGACGACAACTGACGCTGAGACACGAAAGTGTGGGGAGCA",3.21134486235865,"Control","g__Ruminococcaceae_UCG-010"
"97","marker97","k__Bacteria|p__Actinobacteria|c__Coriobacteriia|o__Coriobacteriales|f__Eggerthellaceae","CRC",3.79154747585779,0.000111689553011666,0.000111689553011666,"k__Bacteria|p__Actinobacteria|c__Coriobacteriia|o__Coriobacteriales|f__Eggerthellaceae","GGGGGCGAGCGTTATCCGGATTCATTGGGCGTAAAGCGCGCGCAGGCGGCCGATCAAGCGGAACCTCTAATCCCGGGGCTCAACCCCGCGGCCGGGTTCCGAACTGGTCGGCTCGAGTTCGGTAGAGGAGGGTGGAATTCCCGGTGTAGCGGTGGAATGCGCAGATATCGGGAAGAACACCGATGGCGAAGGCAGCCCTCTGGGCCGACACTGACGCTGAGGCGCGAAAGCTGGGGGAGCG",3.79154747585779,"CRC","f__Eggerthellaceae"
"15","marker15","k__Bacteria|p__Firmicutes|c__Clostridia|o__Clostridiales|f__Lachnospiraceae|g__Lachnospiraceae_NK4A136_group","Control",4.09645093300166,0.0211097348766537,0.0211097348766537,"k__Bacteria|p__Firmicutes|c__Clostridia|o__Clostridiales|f__Lachnospiraceae|g__Lachnospiraceae_NK4A136_group","GGGGGCAAGCGTTATCCGGATTTACTGGGTGTAAAGGGAGCGTAGACGGTGAAGCAAGTCTGAAGTGAAAGGTTGGGGCTCAACCCCGAAACTGCTTTGGAAACTGTTTAACTGGAGTACAGGAGAGGTAAGTGGAATTCCTAGTGTAGCGGTGAAATGCGTAGATATTAGGAGGAACACCAGTGGCGAAGGCGGCTTACTGGACTGTAACTGACGTTGAGGCTCGAAAGCGTGGGGAGCA",4.09645093300166,"Control","g__Lachnospiraceae_NK4A136_group"
"24","marker24","k__Bacteria|p__Firmicutes|c__Clostridia|o__Clostridiales|f__Lachnospiraceae|g__Dorea","Control",3.9442051147085,0.0304322388111761,0.0304322388111761,"k__Bacteria|p__Firmicutes|c__Clostridia|o__Clostridiales|f__Lachnospiraceae|g__Dorea","GGGGGCAAGCGTTATCCGGATTTACTGGGTGTAAAGGGAGCGTAGACGGCATTGCAAGCCAGATGTGAAAGCCCGGGGCTCAACCCCGGGACTGCATTTGGAACTGTAGAGCTAGAGTGTCGGAGAGGCAAGTGGAATTCCTAGTGTAGCGGTGAAATGCGTAGATATTAGGAGGAACACCAGTGGCGAAGGCGGCTTGCTGGACGATGACTGACGTTGAGGCTCGAAAGCGTGGGGAGCA",3.9442051147085,"Control","g__Dorea"
"55","marker55","k__Bacteria|p__Firmicutes|c__Clostridia|o__Clostridiales|f__Family_XIII|g__Mogibacterium","Control",2.94245105532923,0.0340513530830399,0.0340513530830399,"k__Bacteria|p__Firmicutes|c__Clostridia|o__Clostridiales|f__Family_XIII|g__Mogibacterium","GGGGGCAAGCGTTATCCGGAATTATTGGGCGTAAAGAGTGCGTAGGTGGTTATCTAAGCGTAAGGTTTAAGCGTGCAGCTCAACTGCATCTCGCCTTGCGAACTGGACTACTTGAGTGCAGGAGGGGAAAGCGGAATTCCTAGTGTAGCGGTGAAATGCGTAGATATTAGGAGGAACACCAGCGGCGAAGGCGGCTTTCTGGACTGTAACTGACACTGAGGCACGAAAGCGTGGGGAGCA",2.94245105532923,"Control","g__Mogibacterium"
"25","marker25","k__Bacteria|p__Firmicutes|c__Clostridia|o__Clostridiales|f__Lachnospiraceae|g__Coprococcus_3","Control",3.94145582031113,0.00231922180470311,0.00231922180470311,"k__Bacteria|p__Firmicutes|c__Clostridia|o__Clostridiales|f__Lachnospiraceae|g__Coprococcus_3","TGGTGCAAGCGTTATCCGGATTTACTGGGTGTAAAGGGAGCGTAGACGGCTGTGTAAGTCTGAAGTGAAAACCCGGGGCTCAACCCCGGGACTGCTTTGGAAACTATGCAGCTAGAGTGTCGGAGAGGTAAGTGGAATTCCCAGTGTAGCGGTGAAATGCGTAGATATTGGGAGGAACACCAGTGGCGAAGGCGGCTTACTGGACGATGACTGACGTTGAGGCTCGAAAGCGTGGGGAGCA",3.94145582031113,"Control","g__Coprococcus_3"
"21","marker21","k__Bacteria|p__Firmicutes|c__Clostridia|o__Clostridiales|f__Christensenellaceae|g__Christensenellaceae_R-7_group","Control",3.97965848980717,0.00735202525629924,0.00735202525629924,"k__Bacteria|p__Firmicutes|c__Clostridia|o__Clostridiales|f__Christensenellaceae|g__Christensenellaceae_R-7_group","GGGGGCGAGCGTTGTCCGGAATGATTGGGCGTAAAGGGCGCGTAGGCGGCCTGCTAAGTCTGGAGTGAAAGTCCTGCTTTCAAGGTGGGAATTGCTTTGGATACTGGTGGGCTGGAGTGCAGGAGAGGAAAGCGGAATTACCGGTGTAGCGGTGAAATGCGTAGAGATCGGTAGGAACACCAGTGGCGAAGGCGGCTTTCTGGACTGAAACTGACGCTGAGGCGCGAAAGCGTGGGGAGCA",3.97965848980717,"Control","g__Christensenellaceae_R-7_group"
"68","marker68","k__Bacteria|p__Firmicutes|c__Clostridia|o__Clostridiales|f__Lachnospiraceae|g__GCA-900066575","Control",2.56296264591628,0.00498608661270957,0.00498608661270957,"k__Bacteria|p__Firmicutes|c__Clostridia|o__Clostridiales|f__Lachnospiraceae|g__GCA-900066575","GGGGGCAAGCGTTATCCGGATTTACTGGGTGTAAAGGGAGCGTAGGCGGCAGCGCAAGTCAGAAGTGAAAGCCCGGGGCTCAACTCCGGGACTGCTTTTGAAACTGTGTAGCTAGATTGCAGGAGAGGTAAGTGGAATTCCTAGTGTAGCGGTGAAATGCGTAGATATTAGGAGGAACACCAGTGGCGAAGGCGGCTTACTGGACTGTAAATGACGCTGAGGCTCGAAAGCGTGGGGAGCA",2.56296264591628,"Control","g__GCA-900066575"
"72","marker72","k__Bacteria|p__Firmicutes|c__Clostridia|o__Clostridiales|f__Ruminococcaceae|g__Oscillospira","Control",2.44769219950831,0.0113106710744286,0.0113106710744286,"k__Bacteria|p__Firmicutes|c__Clostridia|o__Clostridiales|f__Ruminococcaceae|g__Oscillospira","GGTGGCAAGCGTTGTCCGGATTTACTGGGTGTAAAGGGCGTGTAGCCGGGTCGGCAAGTCAGATGTGAAATCTGGAGGCTCAACCTCCAAACTGCATTTGAAACTGCTGATCTTGAGTATCGGAGAGGTAATCGGAATTCCTAGTGTAGCGGTGAAATGCGTAGATATTAGGAGGAACACCAGTGGCGAAGGCGGATTACTGGACGACAACTGACGGTGAGGCGCGAAAGCGTGGGGAGCA",2.44769219950831,"Control","g__Oscillospira"
"41","marker41","k__Bacteria|p__Firmicutes|c__Clostridia|o__Clostridiales|f__Lachnospiraceae|g__Roseburia|s__inulinivorans","Control",3.4020041214149,0.0182187629884186,0.0182187629884186,"k__Bacteria|p__Firmicutes|c__Clostridia|o__Clostridiales|f__Lachnospiraceae|g__Roseburia|s__inulinivorans","TGGTGCAAGCGTTATCCGGATTTACTGGGTGTAAAGGGAGCGCAGGCGGAAGGCTAAGTCTGATGTGAAAGCCCGGGGCTCAACCCCGGTACTGCATTGGAAACTGGTCATCTAGAGTGTCGGAGGGGTAAGTGGAATTCCTAGTGTAGCGGTGAAATGCGTAGATATTAGGAGGAACACCAGTGGCGAAGGCGGCTTACTGGACGATAACTGACGCTGAGGCTCGAAAGCGTGGGGAGCA",3.4020041214149,"Control","s__inulinivorans"
"38","marker38","k__Bacteria|p__Firmicutes|c__Clostridia|o__Clostridiales|f__Lachnospiraceae|g__Dorea|s__formicigenerans","Control",3.59759909791726,0.00337793855198434,0.00337793855198434,"k__Bacteria|p__Firmicutes|c__Clostridia|o__Clostridiales|f__Lachnospiraceae|g__Dorea|s__formicigenerans","GGGGGCAAGCGTTATCCGGATTTACTGGGTGTAAAGGGAGCGTAGACGGCTGTGCAAGTCTGAAGTGAAAGGCATGGGCTCAACCTGTGGACTGCTTTGGAAACTGTGCAGCTAGAGTGTCGGAGAGGTAAGTGGAATTCCTAGTGTAGCGGTGAAATGCGTAGATATTAGGAGGAACACCAGTGGCGAAGGCGGCTTACTGGACGATGACTGACGTTGAGGCTCGAAAGCGTGGGGAGCA",3.59759909791726,"Control","s__formicigenerans"
"103","marker103","k__Bacteria|p__Fusobacteria|c__Fusobacteriia|o__Fusobacteriales|f__Fusobacteriaceae|g__Fusobacterium","CRC",3.62917552930636,0.0167462690322665,0.0167462690322665,"k__Bacteria|p__Fusobacteria|c__Fusobacteriia|o__Fusobacteriales|f__Fusobacteriaceae|g__Fusobacterium","TGTCACAAGCGTTATCCGGATTTATTGGGCGTAAAGCGCGTCTAGGTGGTTATGTAAGTCTGATGTGAAAATGCAGGGCTCAACTCTGTATTGCGTTGGAAACTGTGTAACTAGAGTACTGGAGAGGTAAGCGGAACTACAAGTGTAGAGGTGAAATTCGTAGATATTTGTAGGAATGCCGATGGGGAAGCCAGCTTACTGGACAGATACTGACGCTGAAGCGCGAAAGCGTGGGTAGCA",3.62917552930636,"CRC","g__Fusobacterium"
"9","marker9","k__Bacteria|p__Bacteroidetes|c__Bacteroidia|o__Bacteroidales|f__Prevotellaceae|g__Prevotella_9|s__copri","Control",4.25521451961148,0.0155527455532075,0.0155527455532075,"k__Bacteria|p__Bacteroidetes|c__Bacteroidia|o__Bacteroidales|f__Prevotellaceae|g__Prevotella_9|s__copri","AGGTCCGGGCGTTATCCGGATTTATTGGGTTTAAAGGGAGCGTAGGCCGGAGATTAAGCGTGTTGTGAAATGTAGACGCTCAACGTCTGCACTGCAGCGCGAACTGGTTTCCTTGAGTACGCACAAAGTGGGCGGAATTCGTGGTGTAGCGGTGAAATGCTTAGATATCACGAAGAACTCCGATTGCGAAGGCAGCTCACTGGAGCGCAACTGACGCTGAAGCTCGAAAGTGCGGGTATCG",4.25521451961148,"Control","s__copri"
"26","marker26","k__Bacteria|p__Firmicutes|c__Clostridia|o__Clostridiales|f__Ruminococcaceae|g__Ruminococcus_1","Control",3.92786515063284,0.00328152973093892,0.00328152973093892,"k__Bacteria|p__Firmicutes|c__Clostridia|o__Clostridiales|f__Ruminococcaceae|g__Ruminococcus_1","GGGAGCGAGCGTTGTCCGGAATTACTGGGTGTAAAGGGAGCGTAGGCGGGACGGTAAGTCAGGTGTGAAATATACGTGCTCAACATGTAGACTGCACTTGAAACTGCTGTTCTTGAGTGAAGTAGAGGTAAGCGGAATTCCTAGTGTAGCGGTGAAATGCGTAGATATTAGGAGGAACATCGGTGGCGAAGGCGGCTTACTGGGCTTTTACTGACGCTGAGGCTCGAAAGCGTGGGGAGCA",3.92786515063284,"Control","g__Ruminococcus_1"
"42","marker42","k__Bacteria|p__Firmicutes|c__Clostridia|o__Clostridiales|f__Lachnospiraceae|g__CAG-56","Control",3.36410626218338,0.00173749681920911,0.00173749681920911,"k__Bacteria|p__Firmicutes|c__Clostridia|o__Clostridiales|f__Lachnospiraceae|g__CAG-56","GGGGGCAAGCGTTATCCGGATTTACTGGGTGTAAAGGGAGCGTAGACGGCGAGGCAAGTCTGATGTGAAAACCCGGGGCTCAACCCCGTGACTGCATTGGAAACTGTTTTGCTTGAGTGCCGGAGAGGTAAGCGGAATTCCTAGTGTAGCGGTGAAATGCGTAGATATTAGGAGGAACACCAGTGGCGAAGGCGGCTTACTGGACGGCAACTGACGTTGAGGCTCGAAAGCGTGGGGAGCA",3.36410626218338,"Control","g__CAG-56"
"31","marker31","k__Bacteria|p__Firmicutes|c__Clostridia|o__Clostridiales|f__Ruminococcaceae|g__Ruminococcaceae_UCG-005","Control",3.7415300736567,0.00771119596861987,0.00771119596861987,"k__Bacteria|p__Firmicutes|c__Clostridia|o__Clostridiales|f__Ruminococcaceae|g__Ruminococcaceae_UCG-005","GGTGGCAAGCGTTGTCCGGATTTACTGGGTGTAAAGGGCGTGTAGGCGGGAGAGCAAGTCAGAAGTGAAATCTATGGGCTTAACCCATAAACTGCTTTTGAAACTGTTCTTCTTGAGTATCGGAGAGGCAGGCGGAATTCCTAGTGTAGCGGTGAAATGCGTAGATATTAGGAGGAACACCAGTGGCGAAGGCGGCCTGCTGGACGACAACTGACGCTGAGGCGCGAAAGCGTGGGGAGCA",3.7415300736567,"Control","g__Ruminococcaceae_UCG-005"
"11","marker11","k__Bacteria|p__Firmicutes|c__Clostridia|o__Clostridiales|f__Lachnospiraceae|g__Blautia|s__obeum","Control",4.23902838326694,0.0051523295343928,0.0051523295343928,"k__Bacteria|p__Firmicutes|c__Clostridia|o__Clostridiales|f__Lachnospiraceae|g__Blautia|s__obeum","GGGGGCAAGCGTTATCCGGATTTACTGGGTGTAAAGGGAGCGTAGACGGACTGGCAAGTCTGATGTGAAAGGCGGGGGCTCAACCCCTGGACTGCATTGGAAACTGTTAGTCTTGAGTGCCGGAGAGGTAAGCGGAATTCCTAGTGTAGCGGTGAAATGCGTAGATATTAGGAGGAACACCAGTGGCGAAGGCGGCTTACTGGACGGTAACTGACGTTGAGGCTCGAAAGCGTGGGGAGCA",4.23902838326694,"Control","s__obeum"
"27","marker27","k__Bacteria|p__Firmicutes|c__Clostridia|o__Clostridiales|f__Ruminococcaceae|g__Ruminococcus_1|s__bicirculans","Control",3.8095121518223,0.00287783014072009,0.00287783014072009,"k__Bacteria|p__Firmicutes|c__Clostridia|o__Clostridiales|f__Ruminococcaceae|g__Ruminococcus_1|s__bicirculans","GGGAGCGAGCGTTGTCCGGAATTACTGGGTGTAAAGGGAGCGTAGGCGGGATCGCAAGTCAGATGTGAAAACTATGGGCTTAACCCATAAACTGCATTTGAAACTGTGGTTCTTGAGTGAAGTAGAGGTAAGCGGAATTCCTAGTGTAGCGGTGAAATGCGTAGATATTAGGAGGAACATCAGTGGCGAAGGCGGCTTACTGGGCTTTAACTGACGCTGAGGCTCGAAAGCGTGGGGAGCA",3.8095121518223,"Control","s__bicirculans"
"44","marker44","k__Bacteria|p__Firmicutes|c__Clostridia|o__Clostridiales|f__Family_XIII|g__Family_XIII_AD3011_group","Control",3.28090965794143,0.00176475282374523,0.00176475282374523,"k__Bacteria|p__Firmicutes|c__Clostridia|o__Clostridiales|f__Family_XIII|g__Family_XIII_AD3011_group","GGGGGCAAGCGTTATCCGGAATTATTGGGCGTAAAGAGTGCGTAGGTGGTTACCTAAGCAGGGGGTGAAAGGCACTGGCTTAACCAATGTCAGCCCCCTGAACTGGGTACCTTGAGTGCAGGAGAGGAAAGCGGAATTCCTAGTGTAGCGGTGAAATGCGTAGATATTAGGAGGAACACCAGTGGCGAAGGCGGCTTTCTGGACTGTTACTGACACTGAGGCACGAAAGTGTGGGGAGCA",3.28090965794143,"Control","g__Family_XIII_AD3011_group"
"29","marker29","k__Bacteria|p__Firmicutes|c__Clostridia|o__Clostridiales|f__Lachnospiraceae|g__Coprococcus_2","Control",3.79040341404088,0.0387631462445537,0.0387631462445537,"k__Bacteria|p__Firmicutes|c__Clostridia|o__Clostridiales|f__Lachnospiraceae|g__Coprococcus_2","TGGTGCAAGCGTTATCCGGATTTACTGGGTGTAAAGGGTGCGTAGGTGGTGAGACAAGTCTGAAGTGAAAATCCGGGGCTTAACCCCGGAACTGCTTTGGAAACTGCCTGACTAGAGTACAGGAGAGGTAAGTGGAATTCCTAGTGTAGCGGTGAAATGCGTAGATATTAGGAGGAACACCAGTGGCGAAGGCGACTTACTGGACTGCTACTGACACTGAGGCACGAAAGCGTGGGGAGCA",3.79040341404088,"Control","g__Coprococcus_2"
"86","marker86","k__Bacteria|p__Bacteroidetes|c__Bacteroidia|o__Bacteroidales|f__Prevotellaceae|g__Prevotella","CRC",4.30054681232737,0.00226580277656162,0.00226580277656162,"k__Bacteria|p__Bacteroidetes|c__Bacteroidia|o__Bacteroidales|f__Prevotellaceae|g__Prevotella","AGGTTCGGGCGTTATCCGGATTTATTGGGTTTAAAGGGAGCGTAGGCCGTTTGGTAAGCGTGTTGTGAAATGTAGGAGCTCAACTTCTAGATTGCAGCGCGAACTGTCAGACTTGAGTGCGCACAACGTAGGCGGAATTCATGGTGTAGCGGTGAAATGCTTAGATATCATGAAGAACTCCGATTGCGAAGGCAGCTTACGGGAGCGCAACTGACGCTGAAGCTCGAAGGTGCGGGTATCG",4.30054681232737,"CRC","g__Prevotella"
"74","marker74","k__Bacteria|p__Firmicutes|c__Clostridia|o__Clostridiales|f__Ruminococcaceae|g__GCA-900066225","Control",2.35152110360212,0.00287783014072009,0.00287783014072009,"k__Bacteria|p__Firmicutes|c__Clostridia|o__Clostridiales|f__Ruminococcaceae|g__GCA-900066225","GGTGGCAAGCGTTGTCCGGAATTACTGGGTGTAAAGGGAGCGTAGGCGGGAAGACAAGTTGAATGTTTAAACTATCGGCTTAACCGGTAGTCGCGTTCAAAACTGTTTTTCTTGAGTGAAGTAGAGGCAGGCGGAATTCCTAGTGTAGCGGTGAAATGCGTAAATATTAGGAGGAACACCAGTGGCGAAGGCGGCCTGCTGGGCTTTAACTGACGCTGAGGCTCGAAAGCGTGGGTAGCA",2.35152110360212,"Control","g__GCA-900066225"
"85","marker85","k__Bacteria|p__Actinobacteria|c__Coriobacteriia|o__Coriobacteriales|f__Coriobacteriaceae|g__Collinsella|s__aerofaciens","CRC",4.40895469133936,0.000101569967892649,0.000101569967892649,"k__Bacteria|p__Actinobacteria|c__Coriobacteriia|o__Coriobacteriales|f__Coriobacteriaceae|g__Collinsella|s__aerofaciens","GGGGGCGAGCGTTATCCGGATTCATTGGGCGTAAAGCGCGCGTAGGCGGCCCGGCAGGCCGGGGGTCGAAGCGGGGGGCTCAACCCCCCGAAGCCCCCGGAACCTCCGCGGCTTGGGTCCGGTAGGGGAGGGTGGAACACCCGGTGTAGCGGTGGAATGCGCAGATATCGGGTGGAACACCGGTGGCGAAGGCGGCCCTCTGGGCCGAGACCGACGCTGAGGCGCGAAAGCTGGGGGAGCG",4.40895469133936,"CRC","s__aerofaciens"
"36","marker36","k__Bacteria|p__Firmicutes|c__Clostridia|o__Clostridiales|f__Ruminococcaceae|g__Ruminococcaceae_NK4A214_group","Control",3.60273694026022,0.0192431355063779,0.0192431355063779,"k__Bacteria|p__Firmicutes|c__Clostridia|o__Clostridiales|f__Ruminococcaceae|g__Ruminococcaceae_NK4A214_group","GGTGGCAAGCGTTATCCGGATTTACTGGGTGTAAAGGGCGCGTAGGCGGGGATACAAGTCAGATGTGAAATCTATGGGCTTAACCCATAAACTGCATTTGAAACTGTATCTCTTGAGTGTCGGAGAGGTAGACGGAATTCCTAGTGTAGCGGTGAAATGCGTAGATATTAGGAGGAACACCAGTGGCGAAGGCGGTCTACTGGACGATAACTGACGCTGAGGCGCGAAAGCGTGGGGAGCA",3.60273694026022,"Control","g__Ruminococcaceae_NK4A214_group"
"28","marker28","k__Bacteria|p__Firmicutes|c__Clostridia|o__Clostridiales|f__Lachnospiraceae|g__Coprococcus_2|s__eutactus","Control",3.79261629163238,0.0387631462445537,0.0387631462445537,"k__Bacteria|p__Firmicutes|c__Clostridia|o__Clostridiales|f__Lachnospiraceae|g__Coprococcus_2|s__eutactus","TGGTGCAAGCGTTATCCGGATTTACTGGGTGTAAAGGGTGCGTAGGTGGCAAGGCAAGTCTGAAGTGAAAATCCGGGGCTCAACCCCGGAACTGCTTTGGAAACTGTTTAGCTGGAGTACAGGAGAGGTAAGTGGAATTCCTAGTGTAGCGGTGAAATGCGTAGATATTAGGAGGAACACCAGTGGCGAAGGCGACTTACTGGACTGCTACTGACACTGAGGCACGAAAGCGTGGGGAGCA",3.79261629163238,"Control","s__eutactus"
"33","marker33","k__Bacteria|p__Firmicutes|c__Clostridia|o__Clostridiales|f__Lachnospiraceae|g__Dorea|s__longicatena","Control",3.70626816053049,0.047252949266665,0.047252949266665,"k__Bacteria|p__Firmicutes|c__Clostridia|o__Clostridiales|f__Lachnospiraceae|g__Dorea|s__longicatena","GGGGGCAAGCGTTATCCGGATTTACTGGGTGTAAAGGGAGCGTAGACGGCACGGCAAGCCAGATGTGAAAGCCCGGGGCTCAACCCCGGGACTGCATTTGGAACTGCTGAGCTAGAGTGTCGGAGAGGCAAGTGGAATTCCTAGTGTAGCGGTGAAATGCGTAGATATTAGGAGGAACACCAGTGGCGAAGGCGGCTTGCTGGACGATGACTGACGTTGAGGCTCGAAAGCGTGGGGAGCA",3.70626816053049,"Control","s__longicatena"
"88","marker88","k__Bacteria|p__Firmicutes|c__Clostridia|o__Clostridiales|f__Lachnospiraceae|g__Lachnoclostridium","CRC",4.16329854555234,0.00277817268456167,0.00277817268456167,"k__Bacteria|p__Firmicutes|c__Clostridia|o__Clostridiales|f__Lachnospiraceae|g__Lachnoclostridium","GGGGGCAAGCGTTATCCGGATTTACTGGGTGTAAAGGGAGCGTAGACGGCATGGCAAGTCTGAAGTGAAAGCCCGGGGCTCAACCCCGGGACTGCTTTGGAAACTGTCAGGCTAGAGTGCTGGAGAGGTAAGTGGAATTCCTAGTGTAGCGGTGAAATGCGTAGATATTAGGAGGAACACCAGTGGCGAAGGCGGCTTACTGGACAGTGACTGACGTTGAGGCTCGAAAGCGTGGGGAGCA",4.16329854555234,"CRC","g__Lachnoclostridium"
"116","marker116","k__Bacteria|p__Actinobacteria|c__Coriobacteriia|o__Coriobacteriales|f__Eggerthellaceae|g__Eggerthella|s__lenta","CRC",3.26773532422906,0.000491827739862966,0.000491827739862966,"k__Bacteria|p__Actinobacteria|c__Coriobacteriia|o__Coriobacteriales|f__Eggerthellaceae|g__Eggerthella|s__lenta","GGGAGCGAGCGTTATCCGGATTCATTGGGCGTAAAGAGCGCGTAGGCGGCCTCTCAAGCGGGATCTCTAATCCGAGGGCTCAACCCCCGGCCGGATCCCGAACTGGGAGGCTCGAGTTCGGTAGAGGCAGGCGGAATTCCCGGTGTAGCGGTGGAATGCGCAGATATCGGGAAGAACACCGATGGCGAAGGCAGCCTGCTGGGCCGCAACTGACGCTGAGGCGCGAAAGCTAGGGGAGCG",3.26773532422906,"CRC","s__lenta"
"35","marker35","k__Bacteria|p__Firmicutes|c__Clostridia|o__Clostridiales|f__Lachnospiraceae|g__Fusicatenibacter|s__saccharivorans","Control",3.6370624746244,0.0465863991239682,0.0465863991239682,"k__Bacteria|p__Firmicutes|c__Clostridia|o__Clostridiales|f__Lachnospiraceae|g__Fusicatenibacter|s__saccharivorans","GGGGGCAAGCGTTATCCGGATTTACTGGGTGTAAAGGGAGCGTAGACGGCAAGGCAAGTCTGATGTGAAAACCCAGGGCTTAACCCTGGGACTGCATTGGAAACTGTCTGGCTCGAGTGCCGGAGAGGTAAGCGGAATTCCTAGTGTAGCGGTGAAATGCGTAGATATTAGGAAGAACACCAGTGGCGAAGGCGGCTTACTGGACGGTAACTGACGTTGAGGCTCGAAAGCGTGGGGAGCA",3.6370624746244,"Control","s__saccharivorans"
"93","marker93","k__Bacteria|p__Firmicutes|c__Negativicutes|o__Selenomonadales|f__Veillonellaceae|g__Dialister","CRC",4.04635244259082,0.0161991279479765,0.0161991279479765,"k__Bacteria|p__Firmicutes|c__Negativicutes|o__Selenomonadales|f__Veillonellaceae|g__Dialister","GGTGGCAAGCGTTGTCCGGAATTATTGGGCGTAAAGCGCGCGCAGGCGGCTTCTTAAGTCCATCTTAAAAGTGCGGGGCTTAACCCCGTGATGGGATGGAAACTGAGAGGCTGGAGTATCGGAGAGGAAAGTGGAATTCCTAGTGTAGCGGTGAAATGCGTAGAGATTAGGAAGAACACCGGTGGCGAAGGCGACTTTCTGGACGACAACTGACGCTGAGGCGCGAAAGCGTGGGGAGCA",4.04635244259082,"CRC","g__Dialister"
"34","marker34","k__Bacteria|p__Firmicutes|c__Clostridia|o__Clostridiales|f__Lachnospiraceae|g__Lachnospira|s__pectinoschiza","Control",3.69282862373641,0.0365660378375116,0.0365660378375116,"k__Bacteria|p__Firmicutes|c__Clostridia|o__Clostridiales|f__Lachnospiraceae|g__Lachnospira|s__pectinoschiza","TGGAGCAAGCGTTATCCGGATTTACTGGGTGTAAAGGGAGTGTAGGTGGCATCACAAGTCAGAAGTGAAAGCCCGGGGCTCAACCCCGGGACTGCTTTTGAAACTGTGGAGCTGGAGTGCAGGAGAGGCAAGTGGAATTCCTAGTGTAGCGGTGAAATGCGTAGATATTAGGAGGAACACCAGTGGCGAAGGCGGCTTGCTGGACTGTAACTGACACTGAGGCTCGAAAGCGTGGGGAGCA",3.69282862373641,"Control","s__pectinoschiza"
"14","marker14","k__Bacteria|p__Firmicutes|c__Clostridia|o__Clostridiales|f__Ruminococcaceae|g__Faecalibacterium|s__CM04-06","Control",4.13172429790521,0.00829425949368942,0.00829425949368942,"k__Bacteria|p__Firmicutes|c__Clostridia|o__Clostridiales|f__Ruminococcaceae|g__Faecalibacterium|s__CM04-06","GGTCACAAGCGTTGTCCGGAATTACTGGGTGTAAAGGGAGCGCAGGCGGGAGAACAAGTTGGAAGTGAAATCCATGGGCTCAACCCATGAACTGCTTTCAAAACTGTTTTTCTTGAGTAGTGCAGAGGTAGGCGGAATTCCCGGTGTAGCGGTGGAATGCGTAGATATCGGGAGGAACACCAGTGGCGAAGGCGGCCTACTGGGCACCAACTGACGCTGAGGCTCGAAAGTGTGGGTAGCA",4.13172429790521,"Control","s__CM04-06"
"66","marker66","k__Bacteria|p__Firmicutes|c__Clostridia|o__Clostridiales|f__Eubacteriaceae|g__Eubacterium","Control",2.57137510721252,0.0253473186774682,0.0253473186774682,"k__Bacteria|p__Firmicutes|c__Clostridia|o__Clostridiales|f__Eubacteriaceae|g__Eubacterium","GGGGACAAGCGTTGTCCGGAATGACTGGGCGTAAAGGGCGCGTAGGCGGTCTATTAAGTCTGATGTGAAAGGTACCGGCTCAACCGGTGAAGTGCATTGGAAACTGGTAGACTTGAGTATTGGAGAGGCAAGTGGAATTCCTAGTGTAGCGGTGAAATGCGTAGATATTAGGAGGAACACCAGTGGCGAAGGCGGCTTGCTGGACAAATACTGACGCTGAGGTGCGAAAGCGTGGGGAGCG",2.57137510721252,"Control","g__Eubacterium"
"48","marker48","k__Bacteria|p__Firmicutes|c__Bacilli|o__Lactobacillales|f__Streptococcaceae|g__Lactococcus","Control",3.11235916449062,0.00999099903825657,0.00999099903825657,"k__Bacteria|p__Firmicutes|c__Bacilli|o__Lactobacillales|f__Streptococcaceae|g__Lactococcus","GGTCCCGAGCGTTGTCCGGATTTATTGGGCGTAAAGCGAGCGCAGGTGGTTTATTAAGTCTGGTGTAAAAGGCAGTGGCTCAACCATTGTATGCATTGGAAACTGGTAGACTTGAGTGCAGGAGAGGAGAGTGGAATTCCATGTGTAGCGGTGAAATGCGTAGATATATGGAGGAACACCGGTGGCGAAAGCGGCTCTCTGGCCTGTAACTGACACTGAGGCTCGAAAGCGTGGGGAGCA",3.11235916449062,"Control","g__Lactococcus"
"76","marker76","k__Bacteria|p__Bacteroidetes|c__Bacteroidia|o__Bacteroidales|f__Barnesiellaceae|g__Coprobacter|s__fastidiosus","Control",2.3259011428319,0.0369347008378682,0.0369347008378682,"k__Bacteria|p__Bacteroidetes|c__Bacteroidia|o__Bacteroidales|f__Barnesiellaceae|g__Coprobacter|s__fastidiosus","AGATGCGAGCGTTATCCGGATTTATTGGGTTTAAAGGGTGCGTAGGCGGAAGAATAAGTCAGCGGTGAAATGCTTCAGCTCAACTGGAGAATTGCCGATGAAACTGTTTTTCTAGAGTATAAAAGAGGTATGCGGAATGCGTGGTGTAGCGGTGAAATGCATAGATATCACGCAGAACCCCGATTGCGAAGGCAGCATACTGGGCTATAACTGACGCTGAAGCACGAAAGCGTGGGTATCG",2.3259011428319,"Control","s__fastidiosus"
"53","marker53","k__Bacteria|p__Firmicutes|c__Clostridia|o__Clostridiales|f__Lachnospiraceae|g__Lachnospiraceae_FCS020_group","Control",2.9590388733346,0.00123304959565112,0.00123304959565112,"k__Bacteria|p__Firmicutes|c__Clostridia|o__Clostridiales|f__Lachnospiraceae|g__Lachnospiraceae_FCS020_group","GGGGGCAAGCGTTATCCGGATTTACTGGGTGTAAAGGGAGCGTAGACGGCTTTGCAAGTCTGACGTGAAAATCCGGGGCTCAACCCCGGAACTGCGTTGGAAACTGTGAGGCTTGAGTGCCGGAGAGGTAAGCGGAATTCCTAGTGTAGCGGTGAAATGCGTAGATATTAGGAGGAACACCAGTGGCGAAGGCGGCTTACTGGACGGCAACTGACGTTGAGGCTCGAAAGCGTGGGGAGCA",2.9590388733346,"Control","g__Lachnospiraceae_FCS020_group"
"18","marker18","k__Bacteria|p__Firmicutes|c__Clostridia|o__Clostridiales|f__Ruminococcaceae|g__Faecalibacterium|s__prausnitzii","Control",4.07784270565124,0.0155842107703119,0.0155842107703119,"k__Bacteria|p__Firmicutes|c__Clostridia|o__Clostridiales|f__Ruminococcaceae|g__Faecalibacterium|s__prausnitzii","GGTCACAAGCGTTGTCCGGAATTACTGGGTGTAAAGGGAGCGCAGGCGGGAAGACAAGTTGGAAGTGAAATCCATGGGCTCAACCCATGAACTGCTTTCAAAACTGTTTTTCTTGAGTAGTGCAGAGGTAGGCGGAATTCCCGGTGTAGCGGTGGAATGCGTAGATATCGGGAGGAACACCAGTGGCGAAGGCGGCCTACTGGGCACCAACTGACGCTGAGGCTCGAAAGTGTGGGTAGCA",4.07784270565124,"Control","s__prausnitzii"
"113","marker113","k__Bacteria|p__Firmicutes|c__Clostridia|o__Clostridiales|f__Lachnospiraceae|g__Hungatella","CRC",3.31390782273538,0.0241884256602696,0.0241884256602696,"k__Bacteria|p__Firmicutes|c__Clostridia|o__Clostridiales|f__Lachnospiraceae|g__Hungatella","GGGGGCAAGCGTTATCCGGATTTACTGGGTGTAAAGGGAGCGTAGACGGTTAAGCAAGTCTGAAGTGAAAGCCCGGGGCTCAACCCCGGTACTGCTTTGGAAACTGTTTGACTTGAGTGCAGGAGAGGTAAGTGGAATTCCTAGTGTAGCGGTGAAATGCGTAGATATTAGGAGGAACACCAGTGGCGAAGGCGGCTTACTGGACTGTAACTGACGTTGAGGCTCGAAAGCGTGGGGAGCA",3.31390782273538,"CRC","g__Hungatella"
"118","marker118","k__Bacteria|p__Fusobacteria|c__Fusobacteriia|o__Fusobacteriales|f__Fusobacteriaceae|g__Fusobacterium|s__nucleatum","CRC",3.14280463017461,0.000101569967892649,0.000101569967892649,"k__Bacteria|p__Fusobacteria|c__Fusobacteriia|o__Fusobacteriales|f__Fusobacteriaceae|g__Fusobacterium|s__nucleatum","TGTCACAAGCGTTATCCGGATTTATTGGGCGTAAAGCGCGTCTAGGTGGTTATATAAGTCTGATGTGAAAATGCAGGGCTCAACTCTGTATTGCGTTGGAAACTGTGTAACTAGAGTACTGGAGAGGTAAGCGGAACTACAAGTGTAGAGGTGAAATTCGTAGATATTTGTAGGAATGCCGATGGGGAAGCCAGCTTACTGGACAGATACTGACGCTGAAGCGCGAAAGCGTGGGTAGCA",3.14280463017461,"CRC","s__nucleatum"
"2","marker2","k__Bacteria|p__Bacteroidetes|c__Bacteroidia|o__Bacteroidales|f__Prevotellaceae|g__Prevotella_9","Control",4.65841930444598,0.00839007411988522,0.00839007411988522,"k__Bacteria|p__Bacteroidetes|c__Bacteroidia|o__Bacteroidales|f__Prevotellaceae|g__Prevotella_9","AGGTCCGGGCGTTATCCGGATTTATTGGGTTTAAAGGGAGCGTAGGCCGGAGATTAAGCGTGTTGTGAAATGTAGATGCTCAACATCTGCACTGCAGCGCGAACTGGTTTCCTTGAGTACGCACAAAGTGGGCGGAATTCGTGGTGTAGCGGTGAAATGCTTAGATATCACGAAGAACTCCGATTGCGAAGGCAGCTCACTGGAGCGCAACTGACGCTGAAGCTCGAAAGTGCGGGTATCG",4.65841930444598,"Control","g__Prevotella_9"
"20","marker20","k__Bacteria|p__Firmicutes|c__Clostridia|o__Clostridiales|f__Lachnospiraceae|g__Coprococcus_3|s__comes","Control",4.01775536093412,0.000727830059845845,0.000727830059845845,"k__Bacteria|p__Firmicutes|c__Clostridia|o__Clostridiales|f__Lachnospiraceae|g__Coprococcus_3|s__comes","TGGTGCAAGCGTTATCCGGATTTACTGGGTGTAAAGGGAGCGTAGACGGCTGTGTAAGTCTGAAGTGAAAGCCCGGGGCTCAACCCCGGGACTGCTTTGGAAACTATGCAGCTAGAGTGTCGGAGAGGTAAGTGGAATTCCCAGTGTAGCGGTGAAATGCGTAGATATTGGGAGGAACACCAGTGGCGAAGGCGGCTTACTGGACGATGACTGACGTTGAGGCTCGAAAGCGTGGGGAGCA",4.01775536093412,"Control","s__comes"
"130","marker130","k__Bacteria|p__Actinobacteria|c__Coriobacteriia|o__Coriobacteriales|f__Eggerthellaceae|g__Adlercreutzia","CRC",2.50144897279209,0.0186471858708852,0.0186471858708852,"k__Bacteria|p__Actinobacteria|c__Coriobacteriia|o__Coriobacteriales|f__Eggerthellaceae|g__Adlercreutzia","GGGGGCGAGCGTTATCCGGATTCATTGGGCGTAAAGCGCGCGTAGGCGGCCGCCTAAGCGGAACCTCTAATCCCGGGGCTCAACCTCGGGCCGGGTTCCGGACTGGGCGGCTCGAGTGCGGTAGAGGCAGGCGGAATTCCCGGTGTAGCGGTGGAATGCGCAGATATCGGGAAGAACACCGATGGCGAAGGCAGCCTGCTGGGCCGCCACTGACGCTGAGGCGCGAAAGCTGGGGGAGCG",2.50144897279209,"CRC","g__Adlercreutzia"
"1","marker1","k__Bacteria|p__Firmicutes|c__Clostridia|o__Clostridiales|f__Ruminococcaceae|g__Ruminococcus_2","Control",4.73975504248819,0.0121747101058582,0.0121747101058582,"k__Bacteria|p__Firmicutes|c__Clostridia|o__Clostridiales|f__Ruminococcaceae|g__Ruminococcus_2","GGGAGCAAGCGTTGTCCGGATTTACTGGGTGTAAAGGGTGCGTAGGCGGCTTTGCAAGTCAGATGTGAAATCTATGGGCTCAACCCATAGCCTGCATTTGAAACTGCAGAGCTTGAGTGAAGTAGAGGCAGGCGGAATTCCCCGTGTAGCGGTGAAATGCGTAGAGATGGGGAGGAACACCAGTGGCGAAGGCGGCCTGCTGGGCTTTAACTGACGCTGAGGCACGAAAGCGTGGGTAGCA",4.73975504248819,"Control","g__Ruminococcus_2"
"58","marker58","k__Bacteria|p__Actinobacteria|c__Coriobacteriia|o__Coriobacteriales|f__Coriobacteriales_Incertae_Sedis","Control",2.86244907920225,0.0277022941118919,0.0277022941118919,"k__Bacteria|p__Actinobacteria|c__Coriobacteriia|o__Coriobacteriales|f__Coriobacteriales_Incertae_Sedis","TGGTGCAAGCGTTATCCGGAATCATTGGGCGTAAAGCGCGCGTAGGCGGCTTGTTAAGCAGGAATTTAAATCTTAGGGCTCAACCTTAAGTCGGTTCCTGAACTGGCAGGCTCGAGTGCGGTAGAGGAAGGTGGAATTCCCAGTGTAGCGGTGAAATGCGCAGATATTGGGAAGAACACCGATGGCGAAGGCAGCCTTCTGGGCCGCCACTGACGCTGAGGCGCGAAAGCTAGGGGAGCG",2.86244907920225,"Control","f__Coriobacteriales_Incertae_Sedis"
"121","marker121","k__Bacteria|p__Actinobacteria|c__Coriobacteriia|o__Coriobacteriales|f__Eggerthellaceae|g__Enterorhabdus","CRC",2.8922164255393,0.0190164736723008,0.0190164736723008,"k__Bacteria|p__Actinobacteria|c__Coriobacteriia|o__Coriobacteriales|f__Eggerthellaceae|g__Enterorhabdus","GGGGGCGAGCGTTATCCGGAATGATTGGGCGTAAAGCGCGCGCAGGCGGCCGCTCAAGCGGGACCTCTAACCCCGGGGCTCAACCCCGGGCCGGGTCCCGAACTGGGCGGCTCGAGTGCGGTAGGGGAGAGCGGAATTCCAAGTGTAGCGGTGAAATGCGCAGATATTTGGAAGAACACCGATGGCGAAGGCAGCTCTCTGGGCCGTCACTGACGCTGAGGCGCGAAAGCCGGGGGAGCG",2.8922164255393,"CRC","g__Enterorhabdus"
"119","marker119","k__Bacteria|p__Firmicutes|c__Clostridia|o__Clostridiales|f__Peptostreptococcaceae|g__Peptostreptococcus|s__anaerobius","CRC",2.95349042542917,0.0271097651458437,0.0271097651458437,"k__Bacteria|p__Firmicutes|c__Clostridia|o__Clostridiales|f__Peptostreptococcaceae|g__Peptostreptococcus|s__anaerobius","GGGGGCTAGCGTTATCCGGATTTACTGGGCGTAAAGGGTGCGTAGGTGGTCTTTCAAGTCGGTGGTTAAAGGCTACGGCTCAACCGTAGTTAGCCTCCGAAACTGGAAGACTTGAGTGCAGGAGAGGAAAGTGGAATTCCCAGTGTAGCGGTGAAATGCGTAGATATTGGGAGGAACACCAGTAGCGAAGGCGGCTTTCTGGACTGCAACTGACACTGAGGCACGAAAGCGTGGGTAGCA",2.95349042542917,"CRC","s__anaerobius"
